"activityType","startTimestamp","endTimestamp","kilometers","hours","speed","timeOfDay","weekday","weekOfYear","month"
"CYCLING",2022-04-11 19:34:34,2022-04-11 20:03:04,6.18520880089436,0.475,13.0214922124092,"Evening","Monday",15,"April"
"CYCLING",2022-04-12 20:58:57,2022-04-12 21:16:20,4.16622898848084,0.289722222222222,14.3800808806625,"Evening","Tuesday",15,"April"
"CYCLING",2022-04-13 00:57:28,2022-04-13 01:12:02,3.1672499378324,0.242777777777778,13.0458807507971,"Night","Wednesday",15,"April"
"CYCLING",2022-04-13 12:02:40,2022-04-13 15:11:13,4.90940015397985,3.1425,1.5622593966523,"Morning","Wednesday",15,"April"
"CYCLING",2022-04-13 17:42:27,2022-04-13 18:04:39,4.78272853228239,0.37,12.926293330493,"Afternoon","Wednesday",15,"April"
"CYCLING",2022-04-13 18:15:52,2022-04-13 18:22:20,0.779549024640876,0.107777777777778,7.23292909460607,"Afternoon","Wednesday",15,"April"
"CYCLING",2022-04-14 11:47:30,2022-04-14 12:15:45,7.30700731067898,0.470833333333333,15.519307562504,"Morning","Thursday",15,"April"
"CYCLING",2022-04-14 14:21:47,2022-04-14 14:47:02,3.16540844697994,0.420833333333333,7.52176264628897,"Afternoon","Thursday",15,"April"
"CYCLING",2022-04-14 18:33:48,2022-04-14 18:37:21,0.541867320744326,0.0591666666666667,9.15832091398861,"Afternoon","Thursday",15,"April"
"CYCLING",2022-04-14 18:57:45,2022-04-14 19:26:28,6.58110932713557,0.478611111111111,13.7504315598886,"Afternoon","Thursday",15,"April"
"CYCLING",2022-04-16 14:27:02,2022-04-16 15:09:30,8.39732658943694,0.707777777777778,11.8643546789533,"Afternoon","Saturday",16,"April"
"CYCLING",2022-04-16 16:30:13,2022-04-16 17:29:08,12.0630342054848,0.981944444444444,12.2848438867738,"Afternoon","Saturday",16,"April"
"CYCLING",2022-04-17 13:19:05,2022-04-17 13:49:16,5.60353678686257,0.503055555555556,11.139001895475,"Afternoon","Sunday",16,"April"
"CYCLING",2022-04-17 16:55:07,2022-04-17 17:01:12,1.4430189486007,0.101388888888889,14.2325156574316,"Afternoon","Sunday",16,"April"
"CYCLING",2022-04-17 18:16:20,2022-04-17 18:41:36,2.12979254765784,0.421111111111111,5.05755486251203,"Afternoon","Sunday",16,"April"
"CYCLING",2022-04-18 12:36:41,2022-04-18 13:02:02,4.37219785326024,0.4225,10.348397285823,"Morning","Monday",16,"April"
"CYCLING",2022-04-18 13:10:46,2022-04-18 13:23:07,2.69082341894715,0.205833333333333,13.0728263268687,"Afternoon","Monday",16,"April"
"CYCLING",2022-04-18 19:15:36,2022-04-18 19:39:46,4.70736997409753,0.402777777777778,11.6872633839663,"Evening","Monday",16,"April"
"CYCLING",2022-04-19 11:11:01,2022-04-19 11:15:05,0.60059252020223,0.0677777777777778,8.86120111773782,"Morning","Tuesday",16,"April"
"CYCLING",2022-04-19 11:31:41,2022-04-19 11:35:44,0.66140488503067,0.0675,9.79859088934326,"Morning","Tuesday",16,"April"
"CYCLING",2022-04-19 12:03:56,2022-04-19 12:34:46,6.53984558467934,0.513888888888889,12.7261860026193,"Morning","Tuesday",16,"April"
"CYCLING",2022-04-19 13:25:06,2022-04-19 13:25:45,0.0592370853160074,0.0108333333333333,5.46803864455453,"Afternoon","Tuesday",16,"April"
"CYCLING",2022-04-19 13:40:12,2022-04-19 13:54:18,1.99075645742589,0.235,8.47130407415274,"Afternoon","Tuesday",16,"April"
"CYCLING",2022-04-19 15:23:15,2022-04-19 15:57:36,2.89088081279386,0.5725,5.049573472129,"Afternoon","Tuesday",16,"April"
"CYCLING",2022-04-19 18:00:29,2022-04-19 18:24:01,3.61690067357392,0.392222222222222,9.22155979098166,"Afternoon","Tuesday",16,"April"
"CYCLING",2022-04-19 20:34:51,2022-04-19 20:39:18,0.284,0.0741666666666667,3.82921348314607,"Evening","Tuesday",16,"April"
"CYCLING",2022-04-19 21:10:30,2022-04-19 21:41:48,5.87506984115065,0.521666666666667,11.2621147114709,"Evening","Tuesday",16,"April"
"CYCLING",2022-04-20 09:55:19,2022-04-20 10:20:14,6.56524989222184,0.415277777777778,15.8092973993302,"Morning","Wednesday",16,"April"
"CYCLING",2022-04-20 14:12:03,2022-04-20 14:18:12,0.840090627454893,0.1025,8.19600612151115,"Afternoon","Wednesday",16,"April"
"CYCLING",2022-04-20 14:45:21,2022-04-20 15:26:07,7.5235195933231,0.679444444444444,11.0730460081616,"Afternoon","Wednesday",16,"April"
"CYCLING",2022-04-20 18:02:47,2022-04-20 18:13:05,2.54099568375318,0.171666666666667,14.8019166043875,"Afternoon","Wednesday",16,"April"
"CYCLING",2022-04-20 18:36:06,2022-04-20 18:48:20,2.54574219894268,0.203888888888889,12.4859290411357,"Afternoon","Wednesday",16,"April"
"CYCLING",2022-04-20 19:06:38,2022-04-20 19:17:39,3.42805510001697,0.183611111111111,18.6701941907127,"Evening","Wednesday",16,"April"
"CYCLING",2022-04-20 20:14:20,2022-04-20 20:26:53,2.48237078056634,0.209166666666667,11.8679081142614,"Evening","Wednesday",16,"April"
"CYCLING",2022-04-21 11:49:03,2022-04-21 12:17:47,6.90781519602499,0.478888888888889,14.4246721030684,"Morning","Thursday",16,"April"
"CYCLING",2022-04-21 19:08:33,2022-04-21 19:25:47,2.48454823676502,0.287222222222222,8.65026465411421,"Evening","Thursday",16,"April"
"CYCLING",2022-04-21 21:54:01,2022-04-21 22:27:17,6.22357810406823,0.554444444444444,11.2248903680589,"Evening","Thursday",16,"April"
"CYCLING",2022-04-22 13:35:02,2022-04-22 13:57:16,5.26691821399845,0.370555555555556,14.2135723916,"Afternoon","Friday",16,"April"
"CYCLING",2022-04-22 19:34:01,2022-04-22 19:48:32,2.81571542213347,0.241944444444444,11.6378593796562,"Evening","Friday",16,"April"
"CYCLING",2022-04-22 20:02:11,2022-04-22 20:18:42,3.69692956214286,0.275277777777778,13.429814756523,"Evening","Friday",16,"April"
"CYCLING",2022-04-23 10:33:15,2022-04-23 10:50:00,3.64292212139613,0.279166666666667,13.0492732706727,"Morning","Saturday",17,"April"
"CYCLING",2022-04-23 20:07:50,2022-04-23 20:28:23,3.8794392132623,0.3425,11.3268298197439,"Evening","Saturday",17,"April"
"CYCLING",2022-04-24 12:35:55,2022-04-24 12:55:20,3.32055330016491,0.323611111111111,10.2609372365611,"Morning","Sunday",17,"April"
"CYCLING",2022-04-24 13:22:50,2022-04-24 14:46:11,6.80782045147412,1.38916666666667,4.90065059494238,"Afternoon","Sunday",17,"April"
"CYCLING",2022-04-24 15:05:37,2022-04-24 15:16:35,1.86064417402895,0.182777777777778,10.1798161497025,"Afternoon","Sunday",17,"April"
"CYCLING",2022-04-24 15:29:05,2022-04-24 15:54:16,3.09727119024492,0.419722222222222,7.37933572791642,"Afternoon","Sunday",17,"April"
"CYCLING",2022-04-25 12:19:19,2022-04-25 12:41:00,5.72771898734114,0.361388888888889,15.8491839772699,"Morning","Monday",17,"April"
"CYCLING",2022-04-25 13:39:03,2022-04-25 13:59:28,3.04706319550906,0.340277777777778,8.95463469700622,"Afternoon","Monday",17,"April"
"CYCLING",2022-04-25 14:08:02,2022-04-25 14:19:10,0.80536939796511,0.185555555555556,4.34031412077005,"Afternoon","Monday",17,"April"
"CYCLING",2022-04-25 14:55:39,2022-04-25 15:18:29,3.89156187188224,0.380555555555556,10.2260019991066,"Afternoon","Monday",17,"April"
"CYCLING",2022-04-25 15:36:02,2022-04-25 15:46:17,2.01437529420326,0.170833333333333,11.7914651367996,"Afternoon","Monday",17,"April"
"CYCLING",2022-04-25 16:19:21,2022-04-25 16:34:07,3.31282746298059,0.246111111111111,13.4606984951807,"Afternoon","Monday",17,"April"
"CYCLING",2022-04-25 21:52:51,2022-04-25 22:16:38,5.43768486833639,0.396388888888889,13.7180557295102,"Evening","Monday",17,"April"
"CYCLING",2022-04-26 12:42:25,2022-04-26 13:03:19,6.10159517887835,0.348333333333333,17.5165411833828,"Morning","Tuesday",17,"April"
"CYCLING",2022-04-26 18:40:15,2022-04-26 19:00:35,4.79931471405859,0.338888888888889,14.1619122709925,"Afternoon","Tuesday",17,"April"
"CYCLING",2022-04-26 19:10:09,2022-04-26 19:14:58,0.675364251062116,0.0802777777777778,8.41284188174262,"Evening","Tuesday",17,"April"
"CYCLING",2022-04-26 20:43:42,2022-04-26 20:55:54,4.03301383805755,0.203333333333333,19.8344942855289,"Evening","Tuesday",17,"April"
"CYCLING",2022-04-26 23:14:44,2022-04-26 23:24:36,2.48724668041382,0.164444444444444,15.1251487322462,"Evening","Tuesday",17,"April"
"CYCLING",2022-04-26 23:39:40,2022-04-26 23:45:35,1.33259272733348,0.0986111111111111,13.5136163898606,"Evening","Tuesday",17,"April"
"CYCLING",2022-04-27 09:39:40,2022-04-27 10:10:22,9.08006307713752,0.511666666666667,17.7460516165554,"Morning","Wednesday",17,"April"
"CYCLING",2022-04-27 13:16:42,2022-04-27 13:27:17,2.36077767089453,0.176388888888889,13.3839364019217,"Afternoon","Wednesday",17,"April"
"CYCLING",2022-04-27 13:32:21,2022-04-27 13:50:47,2.76180804137194,0.307222222222222,8.98961026124684,"Afternoon","Wednesday",17,"April"
"CYCLING",2022-04-27 14:20:16,2022-04-27 14:33:31,2.81704036402232,0.220833333333333,12.7564091955728,"Afternoon","Wednesday",17,"April"
"CYCLING",2022-04-27 16:23:37,2022-04-27 16:50:12,5.06208746844018,0.443055555555556,11.4254011826863,"Afternoon","Wednesday",17,"April"
"CYCLING",2022-04-27 20:20:14,2022-04-27 20:58:46,9.5861717230741,0.642222222222222,14.9265649667244,"Evening","Wednesday",17,"April"
"CYCLING",2022-04-27 21:05:25,2022-04-27 21:27:45,4.52080027348327,0.372222222222222,12.1454335705521,"Evening","Wednesday",17,"April"
"CYCLING",2022-04-28 10:54:18,2022-04-28 10:56:19,0.52099600107403,0.0336111111111111,15.5007074699712,"Morning","Thursday",17,"April"
"CYCLING",2022-04-28 11:16:49,2022-04-28 11:45:36,7.33401715490154,0.479722222222222,15.2880496570038,"Morning","Thursday",17,"April"
"CYCLING",2022-04-28 18:31:14,2022-04-28 18:53:30,4.30111965178964,0.371111111111111,11.5898433730859,"Afternoon","Thursday",17,"April"
"CYCLING",2022-04-28 18:58:58,2022-04-28 19:05:16,1.01947230931079,0.105,9.70926008867417,"Afternoon","Thursday",17,"April"
"CYCLING",2022-04-28 19:27:36,2022-04-28 19:48:11,4.05884826283984,0.343055555555556,11.8314605232578,"Evening","Thursday",17,"April"
"CYCLING",2022-04-29 13:39:23,2022-04-29 13:59:38,4.90082271593932,0.3375,14.5209561953758,"Afternoon","Friday",17,"April"
"CYCLING",2022-04-29 14:31:09,2022-04-29 14:32:15,0.268726122263003,0.0183333333333333,14.6577884870729,"Afternoon","Friday",17,"April"
"CYCLING",2022-04-29 14:44:01,2022-04-29 15:07:08,5.02798343918816,0.385277777777778,13.0502814571574,"Afternoon","Friday",17,"April"
"CYCLING",2022-04-29 16:43:45,2022-04-29 16:59:19,3.43965619867601,0.259444444444444,13.2577754981088,"Afternoon","Friday",17,"April"
"CYCLING",2022-04-29 18:57:37,2022-04-29 19:09:48,2.57173625725548,0.203055555555556,12.6651853982486,"Afternoon","Friday",17,"April"
"CYCLING",2022-04-29 20:16:00,2022-04-29 20:38:08,5.37542952615651,0.368888888888889,14.5719475106652,"Evening","Friday",17,"April"
"CYCLING",2022-04-29 22:40:34,2022-04-29 23:03:57,3.15963271332945,0.389722222222222,8.10739684104491,"Evening","Friday",17,"April"
"CYCLING",2022-04-29 23:12:49,2022-04-29 23:27:30,3.06620216131953,0.244722222222222,12.52931643672,"Evening","Friday",17,"April"
"CYCLING",2022-04-30 09:38:36,2022-04-30 09:52:56,4.22813311920841,0.238888888888889,17.6991618943608,"Morning","Saturday",18,"April"
"CYCLING",2022-04-30 21:01:42,2022-04-30 21:19:55,3.4616309051136,0.303611111111111,11.4015290561839,"Evening","Saturday",18,"April"
"WALKING",2022-04-18 17:59:08,2022-04-18 18:15:22,1.24531261194237,0.270555555555556,4.60279815502313,"Afternoon","Monday",16,"April"
"WALKING",2022-04-18 18:27:08,2022-04-18 18:45:23,1.34346195215031,0.304166666666667,4.41686121254897,"Afternoon","Monday",16,"April"
"WALKING",2022-04-21 13:55:53,2022-04-21 14:00:03,0.195848676499373,0.0694444444444444,2.82022094159097,"Afternoon","Thursday",16,"April"
"WALKING",2022-04-21 14:51:42,2022-04-21 14:59:48,0.632095151992124,0.135,4.68218631105277,"Afternoon","Thursday",16,"April"
"WALKING",2022-04-21 15:14:14,2022-04-21 15:22:25,0.650825440994891,0.136388888888889,4.77183622725379,"Afternoon","Thursday",16,"April"
"WALKING",2022-04-22 17:55:23,2022-04-22 17:59:35,0.491772709348698,0.07,7.02532441926711,"Afternoon","Friday",16,"April"
"WALKING",2022-04-22 18:23:21,2022-04-22 18:25:23,0.146064994542358,0.0338888888888889,4.31011459305319,"Afternoon","Friday",16,"April"
"WALKING",2022-04-23 12:58:35,2022-04-23 13:12:13,0.720393207536554,0.227222222222222,3.1704346541951,"Morning","Saturday",17,"April"
"WALKING",2022-04-23 14:57:41,2022-04-23 16:13:10,3.45893762180078,1.25805555555556,2.74943153863608,"Afternoon","Saturday",17,"April"
"WALKING",2022-04-23 16:44:35,2022-04-23 17:19:42,1.95816173179302,0.585277777777778,3.34569636186753,"Afternoon","Saturday",17,"April"
"WALKING",2022-04-23 18:18:01,2022-04-23 18:26:10,0.704466248782391,0.135833333333333,5.186254592263,"Afternoon","Saturday",17,"April"
"WALKING",2022-04-23 19:49:09,2022-04-23 19:51:28,0.0408535061594008,0.0386111111111111,1.05807641851686,"Evening","Saturday",17,"April"
"WALKING",2022-04-28 13:53:50,2022-04-28 14:04:18,0.204664329291369,0.174444444444444,1.17323500867664,"Afternoon","Thursday",17,"April"
"WALKING",2022-04-29 18:12:13,2022-04-29 18:14:29,0.194425238118133,0.0377777777777778,5.14655042077412,"Afternoon","Friday",17,"April"
"WALKING",2022-04-29 18:27:29,2022-04-29 18:31:04,0.270617545109985,0.0597222222222222,4.53127052277183,"Afternoon","Friday",17,"April"
"WALKING",2022-04-30 11:57:16,2022-04-30 12:07:32,0.630600399757268,0.171111111111111,3.68532701156845,"Morning","Saturday",18,"April"
"WALKING",2022-04-30 13:00:04,2022-04-30 13:00:55,0.0433867818598131,0.0141666666666667,3.06259636657504,"Afternoon","Saturday",18,"April"
"WALKING",2022-04-30 13:40:01,2022-04-30 13:57:41,1.02959852173715,0.294444444444444,3.49674969646581,"Afternoon","Saturday",18,"April"
"WALKING",2022-04-30 15:50:47,2022-04-30 16:03:32,0.807533467417873,0.2125,3.80015749373117,"Afternoon","Saturday",18,"April"
"WALKING",2022-04-30 16:23:03,2022-04-30 16:24:34,0.138441469632732,0.0252777777777778,5.47680539206411,"Afternoon","Saturday",18,"April"
"WALKING",2022-04-30 18:04:23,2022-04-30 18:10:55,0.284966537302549,0.108888888888889,2.61703962828871,"Afternoon","Saturday",18,"April"
"IN_TRAIN",2022-04-23 11:17:30,2022-04-23 12:51:20,76.439,1.56388888888889,48.877513321492,"Morning","Saturday",17,"April"
"IN_TRAIN",2022-04-23 18:31:25,2022-04-23 19:13:29,67.484,0.701111111111111,96.2529318541997,"Afternoon","Saturday",17,"April"
"IN_TRAIN",2022-04-23 19:22:57,2022-04-23 19:49:09,35.594,0.436666666666667,81.5129770992367,"Evening","Saturday",17,"April"
"IN_TRAIN",2022-04-30 10:07:40,2022-04-30 11:29:22,56.041,1.36166666666667,41.1561811505508,"Morning","Saturday",18,"April"
"IN_TRAIN",2022-04-30 11:45:15,2022-04-30 11:57:16,9.139,0.200277777777778,45.6316227461858,"Morning","Saturday",18,"April"
"IN_TRAIN",2022-04-30 18:25:11,2022-04-30 19:51:12,65.13,1.43361111111111,45.4307304785894,"Afternoon","Saturday",18,"April"
"CYCLING",2022-05-01 16:01:26,2022-05-01 16:37:00,2.86337076021219,0.592777777777778,4.83042864890529,"Afternoon","Sunday",18,"May"
"CYCLING",2022-05-01 17:03:38,2022-05-01 17:11:32,0.922790073980387,0.131666666666667,7.00853220744598,"Afternoon","Sunday",18,"May"
"CYCLING",2022-05-01 17:21:48,2022-05-01 17:42:49,4.03353474258694,0.350277777777778,11.5152458947763,"Afternoon","Sunday",18,"May"
"CYCLING",2022-05-02 12:44:31,2022-05-02 13:04:46,5.18169386449129,0.3375,15.3531670059001,"Morning","Monday",18,"May"
"CYCLING",2022-05-02 13:56:48,2022-05-02 14:00:06,0.535,0.055,9.72727272727273,"Afternoon","Monday",18,"May"
"CYCLING",2022-05-02 21:52:31,2022-05-02 22:17:15,6.49163321478727,0.412222222222222,15.7478972865459,"Evening","Monday",18,"May"
"CYCLING",2022-05-03 12:17:39,2022-05-03 12:40:19,5.75998112627185,0.377777777777778,15.2470088636608,"Morning","Tuesday",18,"May"
"CYCLING",2022-05-03 16:26:40,2022-05-03 16:29:15,0.404157026184931,0.0430555555555556,9.38687286623066,"Afternoon","Tuesday",18,"May"
"CYCLING",2022-05-03 16:43:27,2022-05-03 16:51:44,1.56472166965509,0.138055555555556,11.3340000216465,"Afternoon","Tuesday",18,"May"
"CYCLING",2022-05-03 17:59:35,2022-05-03 18:31:10,6.17082044060594,0.526388888888889,11.7229306523385,"Afternoon","Tuesday",18,"May"
"CYCLING",2022-05-03 21:09:14,2022-05-03 21:21:23,4.1188573973653,0.2025,20.340036530199,"Evening","Tuesday",18,"May"
"CYCLING",2022-05-03 23:05:03,2022-05-03 23:21:14,3.57526499591613,0.269722222222222,13.255359408134,"Evening","Tuesday",18,"May"
"CYCLING",2022-05-04 12:41:25,2022-05-04 13:01:48,6.17504715796206,0.339722222222222,18.1767536947371,"Morning","Wednesday",18,"May"
"CYCLING",2022-05-04 13:42:16,2022-05-04 13:58:03,2.96792714202436,0.263055555555556,11.2825107827748,"Afternoon","Wednesday",18,"May"
"CYCLING",2022-05-04 14:32:58,2022-05-04 16:06:25,5.89371225816769,1.5575,3.7840849169616,"Afternoon","Wednesday",18,"May"
"CYCLING",2022-05-04 20:36:02,2022-05-04 20:40:19,0.94610282151593,0.0713888888888889,13.2528021690947,"Evening","Wednesday",18,"May"
"CYCLING",2022-05-04 20:57:37,2022-05-04 21:02:18,0.788401477353089,0.0780555555555556,10.1005171475841,"Evening","Wednesday",18,"May"
"CYCLING",2022-05-05 20:02:38,2022-05-05 20:06:42,0.855197747135335,0.0677777777777778,12.6176716790459,"Evening","Thursday",18,"May"
"CYCLING",2022-05-05 20:19:04,2022-05-05 20:23:07,0.638174580604371,0.0675,9.45443823117587,"Evening","Thursday",18,"May"
"CYCLING",2022-05-06 13:53:01,2022-05-06 14:14:46,6.05355528439706,0.3625,16.6994628535091,"Afternoon","Friday",18,"May"
"CYCLING",2022-05-06 16:22:06,2022-05-06 16:43:51,4.10586253351157,0.3625,11.326517333825,"Afternoon","Friday",18,"May"
"CYCLING",2022-05-06 17:32:27,2022-05-06 18:22:26,12.0790005920233,0.833055555555556,14.4996339217352,"Afternoon","Friday",18,"May"
"CYCLING",2022-05-07 17:37:37,2022-05-07 18:06:09,5.8174835390433,0.475555555555556,12.2330261335023,"Afternoon","Saturday",19,"May"
"CYCLING",2022-05-07 18:31:11,2022-05-07 20:33:03,18.2479884381041,2.03111111111111,8.98423938418693,"Afternoon","Saturday",19,"May"
"CYCLING",2022-05-07 20:38:37,2022-05-07 20:42:36,0.904788728885484,0.0663888888888889,13.6286168367688,"Evening","Saturday",19,"May"
"CYCLING",2022-05-07 20:55:05,2022-05-07 20:59:11,0.702623123979463,0.0683333333333333,10.2822896192117,"Evening","Saturday",19,"May"
"CYCLING",2022-05-08 13:35:36,2022-05-08 13:50:06,3.5526221411793,0.241666666666667,14.7005054117764,"Afternoon","Sunday",19,"May"
"CYCLING",2022-05-08 14:24:50,2022-05-08 14:42:30,3.34724015446692,0.294444444444444,11.367985430265,"Afternoon","Sunday",19,"May"
"CYCLING",2022-05-08 17:16:22,2022-05-08 17:33:16,3.54022995316087,0.281666666666667,12.5688637390327,"Afternoon","Sunday",19,"May"
"CYCLING",2022-05-08 19:50:30,2022-05-08 20:19:18,6.91553942483071,0.48,14.4073738017307,"Evening","Sunday",19,"May"
"CYCLING",2022-05-09 13:20:09,2022-05-09 13:42:37,5.20075341602578,0.374444444444444,13.8892524463596,"Afternoon","Monday",19,"May"
"CYCLING",2022-05-09 14:20:31,2022-05-09 14:23:12,0.459009003110213,0.0447222222222222,10.2635553490482,"Afternoon","Monday",19,"May"
"CYCLING",2022-05-09 14:37:18,2022-05-09 14:38:58,0.177948662076668,0.0277777777777778,6.40615183476004,"Afternoon","Monday",19,"May"
"CYCLING",2022-05-09 19:16:42,2022-05-09 20:07:44,9.78579442897658,0.850555555555556,11.505179602977,"Evening","Monday",19,"May"
"CYCLING",2022-05-10 10:55:27,2022-05-10 11:19:53,6.38070047902515,0.407222222222222,15.6688415583155,"Morning","Tuesday",19,"May"
"CYCLING",2022-05-10 11:45:17,2022-05-10 11:49:30,0.974943346831706,0.0702777777777778,13.8727116545223,"Morning","Tuesday",19,"May"
"CYCLING",2022-05-10 12:42:26,2022-05-10 12:46:07,1.46595978293041,0.0613888888888889,23.8798878667398,"Morning","Tuesday",19,"May"
"CYCLING",2022-05-10 13:26:34,2022-05-10 13:46:34,2.40558689671003,0.333333333333333,7.2167606901301,"Afternoon","Tuesday",19,"May"
"CYCLING",2022-05-11 00:38:03,2022-05-11 00:50:03,3.27103108130417,0.2,16.3551554065209,"Night","Wednesday",19,"May"
"CYCLING",2022-05-11 18:36:47,2022-05-11 19:09:19,3.6532725874942,0.542222222222222,6.73759288677208,"Afternoon","Wednesday",19,"May"
"CYCLING",2022-05-11 19:34:53,2022-05-11 20:10:21,5.30149862111489,0.591111111111111,8.96870067481843,"Evening","Wednesday",19,"May"
"CYCLING",2022-05-12 13:40:18,2022-05-12 14:09:07,5.86489911097821,0.480277777777778,12.211472989891,"Afternoon","Thursday",19,"May"
"CYCLING",2022-05-12 18:42:38,2022-05-12 20:02:48,14.1026348407454,1.33611111111111,10.554986575194,"Afternoon","Thursday",19,"May"
"CYCLING",2022-05-13 13:38:11,2022-05-13 13:58:29,5.42441328552496,0.338333333333333,16.0327486271674,"Afternoon","Friday",19,"May"
"CYCLING",2022-05-13 19:44:01,2022-05-13 20:12:21,6.00704518739265,0.472222222222222,12.7208015733021,"Evening","Friday",19,"May"
"CYCLING",2022-05-14 09:36:27,2022-05-14 09:51:58,3.68206708699302,0.258611111111111,14.2378533976099,"Morning","Saturday",20,"May"
"CYCLING",2022-05-14 19:11:36,2022-05-14 19:29:03,3.79177691654155,0.290833333333333,13.037628366332,"Evening","Saturday",20,"May"
"CYCLING",2022-05-14 19:38:55,2022-05-14 19:43:16,0.702738379180126,0.0725,9.69294316110519,"Evening","Saturday",20,"May"
"CYCLING",2022-05-15 15:21:41,2022-05-15 15:37:58,3.99671473636005,0.271388888888889,14.7268915567003,"Afternoon","Sunday",20,"May"
"CYCLING",2022-05-15 15:52:10,2022-05-15 15:58:27,1.82423247248694,0.104722222222222,17.4197265277267,"Afternoon","Sunday",20,"May"
"CYCLING",2022-05-15 20:18:08,2022-05-15 20:25:17,1.75343281573329,0.119166666666667,14.714121530629,"Evening","Sunday",20,"May"
"CYCLING",2022-05-15 20:50:38,2022-05-15 21:17:21,6.83715977679493,0.445277777777778,15.3548192117665,"Evening","Sunday",20,"May"
"CYCLING",2022-05-16 11:49:16,2022-05-16 12:10:24,5.14798567841701,0.352222222222222,14.6157322100168,"Morning","Monday",20,"May"
"CYCLING",2022-05-16 14:27:55,2022-05-16 14:44:28,1.8780548589746,0.275833333333333,6.80865809900156,"Afternoon","Monday",20,"May"
"CYCLING",2022-05-16 16:54:08,2022-05-16 17:36:13,3.70601629089313,0.701388888888889,5.28382520681793,"Afternoon","Monday",20,"May"
"CYCLING",2022-05-16 17:49:55,2022-05-16 18:42:34,10.1384061073536,0.8775,11.5537391536793,"Afternoon","Monday",20,"May"
"CYCLING",2022-05-17 13:15:39,2022-05-17 13:43:47,6.35646742178223,0.468888888888889,13.5564471080664,"Afternoon","Tuesday",20,"May"
"CYCLING",2022-05-17 14:15:30,2022-05-17 14:22:08,1.33124416724239,0.110555555555556,12.0414045278206,"Afternoon","Tuesday",20,"May"
"CYCLING",2022-05-17 15:06:02,2022-05-17 15:18:25,1.90262276483482,0.206388888888889,9.21862981615792,"Afternoon","Tuesday",20,"May"
"CYCLING",2022-05-17 18:48:27,2022-05-17 19:21:19,8.00738709720138,0.547777777777778,14.6179480476293,"Afternoon","Tuesday",20,"May"
"CYCLING",2022-05-18 09:04:14,2022-05-18 09:06:25,0.671804043377821,0.0363888888888889,18.4617905050393,"Morning","Wednesday",20,"May"
"CYCLING",2022-05-18 09:16:34,2022-05-18 09:44:32,7.32675768448702,0.466111111111111,15.7189080239292,"Morning","Wednesday",20,"May"
"CYCLING",2022-05-18 16:37:02,2022-05-18 16:49:12,3.45378702123124,0.202777777777778,17.0323743512773,"Afternoon","Wednesday",20,"May"
"CYCLING",2022-05-18 19:29:02,2022-05-18 19:59:40,7.24830069609901,0.510555555555556,14.1968892850688,"Evening","Wednesday",20,"May"
"CYCLING",2022-05-19 11:35:41,2022-05-19 12:06:19,7.67906830678488,0.510555555555556,15.0406125704165,"Morning","Thursday",20,"May"
"CYCLING",2022-05-19 19:31:46,2022-05-19 19:52:04,4.73562124948281,0.338333333333333,13.9969100969935,"Evening","Thursday",20,"May"
"CYCLING",2022-05-19 19:58:11,2022-05-19 20:18:32,0.778417000824854,0.339166666666667,2.29508698031898,"Evening","Thursday",20,"May"
"CYCLING",2022-05-21 12:47:22,2022-05-21 13:42:43,7.64369716275243,0.9225,8.28585058292946,"Morning","Saturday",21,"May"
"CYCLING",2022-05-21 15:12:50,2022-05-21 15:35:36,5.66776834149672,0.379444444444444,14.9370175910602,"Afternoon","Saturday",21,"May"
"CYCLING",2022-05-21 16:10:28,2022-05-21 16:14:50,0.645390715395166,0.0727777777777778,8.86796402833052,"Afternoon","Saturday",21,"May"
"CYCLING",2022-05-21 20:00:06,2022-05-21 20:19:35,4.36944430890492,0.324722222222222,13.455944834951,"Evening","Saturday",21,"May"
"CYCLING",2022-05-22 01:20:29,2022-05-22 01:42:37,5.27850824027671,0.368888888888889,14.3092090850875,"Night","Sunday",21,"May"
"CYCLING",2022-05-22 20:31:39,2022-05-22 20:42:05,1.7697038631017,0.173888888888889,10.1772107143229,"Evening","Sunday",21,"May"
"CYCLING",2022-05-22 20:50:35,2022-05-22 21:31:42,5.24583331961055,0.685277777777778,7.65504659529711,"Evening","Sunday",21,"May"
"CYCLING",2022-05-23 16:13:29,2022-05-23 16:23:39,2.3817669907314,0.169444444444444,14.0563297813656,"Afternoon","Monday",21,"May"
"CYCLING",2022-05-23 18:34:22,2022-05-23 18:45:26,2.38406187083722,0.184444444444444,12.9256366491175,"Afternoon","Monday",21,"May"
"CYCLING",2022-05-24 12:58:42,2022-05-24 13:23:15,5.64217156163395,0.409166666666667,13.7894213318956,"Morning","Tuesday",21,"May"
"CYCLING",2022-05-24 19:14:42,2022-05-24 19:59:29,9.77465811198391,0.746388888888889,13.0959319699077,"Evening","Tuesday",21,"May"
"CYCLING",2022-05-25 13:26:12,2022-05-25 13:55:49,6.82465454718715,0.493611111111111,13.8259743218198,"Afternoon","Wednesday",21,"May"
"CYCLING",2022-05-25 18:03:30,2022-05-25 19:20:01,4.96349964008893,1.27527777777778,3.89209294365501,"Afternoon","Wednesday",21,"May"
"CYCLING",2022-05-25 20:10:09,2022-05-25 20:27:03,3.76888840287653,0.281666666666667,13.3806688859522,"Evening","Wednesday",21,"May"
"CYCLING",2022-05-25 21:54:05,2022-05-25 22:11:18,3.31712652368098,0.286944444444444,11.5601698792367,"Evening","Wednesday",21,"May"
"CYCLING",2022-05-26 13:51:18,2022-05-26 13:56:30,1.40735038058261,0.0866666666666667,16.2386582374917,"Afternoon","Thursday",21,"May"
"CYCLING",2022-05-26 14:30:38,2022-05-26 14:51:29,3.2329591693246,0.3475,9.3034796239557,"Afternoon","Thursday",21,"May"
"CYCLING",2022-05-26 15:12:01,2022-05-26 15:23:05,2.98153729482683,0.184444444444444,16.1649612370129,"Afternoon","Thursday",21,"May"
"CYCLING",2022-05-26 17:22:30,2022-05-26 17:27:11,0.654202714106337,0.0780555555555556,8.38124473588189,"Afternoon","Thursday",21,"May"
"CYCLING",2022-05-26 17:41:30,2022-05-26 18:10:47,7.26585176733322,0.488055555555556,14.8873456815023,"Afternoon","Thursday",21,"May"
"CYCLING",2022-05-27 12:43:35,2022-05-27 13:09:28,5.76670896300771,0.431388888888889,13.3677735137333,"Morning","Friday",21,"May"
"CYCLING",2022-05-27 22:08:22,2022-05-27 22:39:02,5.94660346335654,0.511111111111111,11.6346589500454,"Evening","Friday",21,"May"
"CYCLING",2022-05-28 09:54:51,2022-05-28 10:11:02,4.58956747709835,0.269722222222222,17.0159041375428,"Morning","Saturday",22,"May"
"CYCLING",2022-05-28 19:44:59,2022-05-28 20:05:03,5.47033613584096,0.334444444444444,16.3564867849065,"Evening","Saturday",22,"May"
"CYCLING",2022-05-28 20:12:05,2022-05-28 20:16:30,0.819292198442678,0.0736111111111111,11.1300072241269,"Evening","Saturday",22,"May"
"CYCLING",2022-05-30 13:27:11,2022-05-30 17:11:18,22.0812010694646,3.73527777777778,5.91152850822284,"Afternoon","Monday",22,"May"
"CYCLING",2022-05-30 17:26:20,2022-05-30 17:29:49,0.924517389443661,0.0580555555555556,15.9247014449626,"Afternoon","Monday",22,"May"
"CYCLING",2022-05-31 13:10:45,2022-05-31 13:14:50,1.07939689593548,0.0680555555555555,15.8605258178275,"Afternoon","Tuesday",22,"May"
"CYCLING",2022-05-31 13:25:06,2022-05-31 13:44:27,4.86657744399694,0.3225,15.0901626170448,"Afternoon","Tuesday",22,"May"
"CYCLING",2022-05-31 14:40:13,2022-05-31 14:46:17,1.4412263423826,0.101111111111111,14.253886902685,"Afternoon","Tuesday",22,"May"
"CYCLING",2022-05-31 18:18:41,2022-05-31 18:51:08,7.76333690340224,0.540833333333333,14.3543979723924,"Afternoon","Tuesday",22,"May"
"WALKING",2022-05-02 14:56:52,2022-05-02 14:59:06,0.13134630963036,0.0372222222222222,3.52870682589028,"Afternoon","Monday",18,"May"
"WALKING",2022-05-02 15:47:33,2022-05-02 15:51:28,0.500583465489714,0.0652777777777778,7.66851266282115,"Afternoon","Monday",18,"May"
"WALKING",2022-05-02 19:05:50,2022-05-02 19:09:23,0.454208890303488,0.0591666666666667,7.67676997696037,"Evening","Monday",18,"May"
"WALKING",2022-05-02 19:21:50,2022-05-02 19:28:08,0.163878453106134,0.105,1.56074717243937,"Evening","Monday",18,"May"
"WALKING",2022-05-03 22:56:52,2022-05-03 23:05:03,0.685011218412173,0.136388888888889,5.02248551177968,"Evening","Tuesday",18,"May"
"WALKING",2022-05-14 11:57:01,2022-05-14 12:29:02,1.0040886873419,0.533611111111111,1.8816862438474,"Morning","Saturday",20,"May"
"WALKING",2022-05-14 13:11:42,2022-05-14 13:15:47,0.272158460897637,0.0680555555555555,3.99906309890406,"Afternoon","Saturday",20,"May"
"WALKING",2022-05-14 15:10:49,2022-05-14 15:17:26,0.4859674062679,0.110277777777778,4.40675733643436,"Afternoon","Saturday",20,"May"
"WALKING",2022-05-14 15:25:31,2022-05-14 15:35:38,0.588210739671977,0.168611111111111,3.48856451864764,"Afternoon","Saturday",20,"May"
"WALKING",2022-05-14 17:10:34,2022-05-14 17:19:04,0.603063602469917,0.141666666666667,4.25691954684647,"Afternoon","Saturday",20,"May"
"WALKING",2022-05-18 11:52:00,2022-05-18 11:54:44,0.0631329659085085,0.0455555555555556,1.3858455931136,"Morning","Wednesday",20,"May"
"WALKING",2022-05-18 12:19:44,2022-05-18 12:25:51,0.470134549412727,0.101944444444444,4.61167405418478,"Morning","Wednesday",20,"May"
"WALKING",2022-05-18 12:39:46,2022-05-18 12:44:12,0.404065474456267,0.0738888888888889,5.46855529339309,"Morning","Wednesday",20,"May"
"WALKING",2022-05-21 22:49:50,2022-05-21 23:04:11,0.829327137533244,0.239166666666667,3.46756991303099,"Evening","Saturday",21,"May"
"WALKING",2022-05-22 00:58:09,2022-05-22 01:00:13,0.144527725895464,0.0344444444444444,4.19596623567475,"Night","Sunday",21,"May"
"WALKING",2022-05-23 16:40:37,2022-05-23 16:43:44,0.215894314139657,0.0519444444444444,4.15625417595061,"Afternoon","Monday",21,"May"
"WALKING",2022-05-23 16:51:23,2022-05-23 16:54:56,0.34380076527057,0.0591666666666667,5.8107171595026,"Afternoon","Monday",21,"May"
"WALKING",2022-05-27 16:29:09,2022-05-27 16:31:11,0.287689860181056,0.0338888888888889,8.4892089889492,"Afternoon","Friday",21,"May"
"WALKING",2022-05-27 16:37:13,2022-05-27 16:41:16,0.433103537147608,0.0675,6.41634869848307,"Afternoon","Friday",21,"May"
"WALKING",2022-05-27 16:49:20,2022-05-27 17:01:36,0.521297358513494,0.204444444444444,2.54982403620731,"Afternoon","Friday",21,"May"
"WALKING",2022-05-28 13:13:24,2022-05-28 13:33:14,0.513187922201671,0.330555555555556,1.55250127724875,"Afternoon","Saturday",22,"May"
"WALKING",2022-05-28 14:07:18,2022-05-28 14:15:02,0.352969267997594,0.128888888888889,2.73855466549857,"Afternoon","Saturday",22,"May"
"WALKING",2022-05-28 15:04:11,2022-05-28 15:29:06,1.11818800700846,0.415277777777778,2.69262663895013,"Afternoon","Saturday",22,"May"
"WALKING",2022-05-28 15:52:41,2022-05-28 15:58:12,0.41873195613668,0.0919444444444444,4.55418441719652,"Afternoon","Saturday",22,"May"
"WALKING",2022-05-28 16:40:30,2022-05-28 16:44:31,0.206628124198289,0.0669444444444444,3.08656119134373,"Afternoon","Saturday",22,"May"
"WALKING",2022-05-28 17:28:11,2022-05-28 17:50:37,1.56410834426276,0.373888888888889,4.18335069787961,"Afternoon","Saturday",22,"May"
"IN_TRAIN",2022-05-14 10:13:33,2022-05-14 11:06:36,56.041,0.884166666666667,63.3828463713478,"Morning","Saturday",20,"May"
"IN_TRAIN",2022-05-14 11:44:18,2022-05-14 11:57:01,9.139,0.211944444444444,43.1197903014417,"Morning","Saturday",20,"May"
"IN_TRAIN",2022-05-14 17:31:21,2022-05-14 18:44:40,65.13,1.22194444444444,53.3002955217095,"Afternoon","Saturday",20,"May"
"IN_TRAIN",2022-05-28 10:36:11,2022-05-28 11:01:58,39.123,0.429722222222222,91.0425339366516,"Morning","Saturday",22,"May"
"IN_TRAIN",2022-05-28 11:07:06,2022-05-28 13:13:24,149.242,2.105,70.8988123515439,"Morning","Saturday",22,"May"
"IN_TRAIN",2022-05-28 17:56:49,2022-05-28 18:17:36,26.344,0.346388888888889,76.0532477947073,"Afternoon","Saturday",22,"May"
"IN_TRAIN",2022-05-28 18:24:44,2022-05-28 19:39:47,30.64,1.25083333333333,24.4956695536309,"Afternoon","Saturday",22,"May"
"IN_BUS",2022-05-10 14:13:28,2022-05-10 14:36:03,3.352,0.376388888888889,8.90568265682657,"Afternoon","Tuesday",19,"May"
"IN_BUS",2022-05-10 19:30:40,2022-05-10 19:40:46,1.958,0.168333333333333,11.6316831683168,"Evening","Tuesday",19,"May"
"IN_BUS",2022-05-10 20:08:37,2022-05-10 20:24:49,3.828,0.27,14.1777777777778,"Evening","Tuesday",19,"May"
"IN_BUS",2022-05-28 15:43:32,2022-05-28 15:52:41,3.487,0.1525,22.8655737704918,"Afternoon","Saturday",22,"May"
"CYCLING",2022-06-01 14:04:21,2022-06-01 14:06:07,0.513765189665898,0.0294444444444444,17.4486290829928,"Afternoon","Wednesday",22,"June"
"CYCLING",2022-06-01 14:20:47,2022-06-01 14:25:03,0.745410055742886,0.0711111111111111,10.4823289088843,"Afternoon","Wednesday",22,"June"
"CYCLING",2022-06-01 18:11:19,2022-06-01 18:33:58,6.40174444945083,0.3775,16.9582634422538,"Afternoon","Wednesday",22,"June"
"CYCLING",2022-06-01 19:40:09,2022-06-01 19:48:31,1.34043413001224,0.139444444444444,9.61267503594433,"Evening","Wednesday",22,"June"
"CYCLING",2022-06-01 20:04:24,2022-06-01 20:08:28,0.875465378138675,0.0677777777777778,12.9167023004067,"Evening","Wednesday",22,"June"
"CYCLING",2022-06-02 11:50:32,2022-06-02 12:07:25,3.85172124690847,0.281388888888889,13.6882492486382,"Morning","Thursday",22,"June"
"CYCLING",2022-06-02 14:26:43,2022-06-02 14:45:45,4.21433379236113,0.317222222222222,13.2851152823994,"Afternoon","Thursday",22,"June"
"CYCLING",2022-06-02 16:45:15,2022-06-02 16:49:43,0.676,0.0744444444444444,9.08059701492537,"Afternoon","Thursday",22,"June"
"CYCLING",2022-06-02 17:29:54,2022-06-02 17:34:21,0.891518447991837,0.0741666666666667,12.0204734560697,"Afternoon","Thursday",22,"June"
"CYCLING",2022-06-03 11:25:07,2022-06-03 11:33:17,1.91183751646566,0.136111111111111,14.0461531821967,"Morning","Friday",22,"June"
"CYCLING",2022-06-03 11:55:04,2022-06-03 12:12:05,2.54160634678767,0.283611111111111,8.96158946957455,"Morning","Friday",22,"June"
"CYCLING",2022-06-03 12:20:48,2022-06-03 12:26:23,1.23806527065153,0.0930555555555556,13.3045820129716,"Morning","Friday",22,"June"
"CYCLING",2022-06-03 12:43:29,2022-06-03 12:50:08,1.26050908579202,0.110833333333333,11.3730143078979,"Morning","Friday",22,"June"
"CYCLING",2022-06-03 15:32:32,2022-06-03 15:39:10,1.26973470552656,0.110555555555556,11.4850375374262,"Afternoon","Friday",22,"June"
"CYCLING",2022-06-03 20:00:23,2022-06-03 20:08:16,2.02563242265325,0.131388888888889,15.4170755212509,"Evening","Friday",22,"June"
"CYCLING",2022-06-03 21:35:34,2022-06-03 21:43:05,1.12201917509951,0.125277777777778,8.95625062163687,"Evening","Friday",22,"June"
"CYCLING",2022-06-03 21:53:19,2022-06-03 22:00:22,1.56308321438463,0.1175,13.3028358671033,"Evening","Friday",22,"June"
"CYCLING",2022-06-04 15:52:13,2022-06-04 16:20:36,2.13586462101163,0.473055555555556,4.51503971558536,"Afternoon","Saturday",23,"June"
"CYCLING",2022-06-04 17:37:42,2022-06-04 17:46:14,1.75934855182386,0.142222222222222,12.3704195050115,"Afternoon","Saturday",23,"June"
"CYCLING",2022-06-05 15:11:00,2022-06-05 15:15:13,0.579582307488131,0.0702777777777778,8.24702097611569,"Afternoon","Sunday",23,"June"
"CYCLING",2022-06-05 15:43:12,2022-06-05 15:47:13,0.625899718228991,0.0669444444444444,9.34953935943721,"Afternoon","Sunday",23,"June"
"CYCLING",2022-06-05 16:34:09,2022-06-05 16:42:19,1.96589159111627,0.136111111111111,14.4432851592216,"Afternoon","Sunday",23,"June"
"CYCLING",2022-06-05 16:56:08,2022-06-05 17:05:11,2.11780769438621,0.150833333333333,14.0407139959307,"Afternoon","Sunday",23,"June"
"CYCLING",2022-06-06 16:08:02,2022-06-06 17:49:28,17.0761601946994,1.69055555555556,10.1009163162862,"Afternoon","Monday",23,"June"
"CYCLING",2022-06-06 18:20:09,2022-06-06 18:31:02,3.27362193260075,0.181388888888889,18.0475328596672,"Afternoon","Monday",23,"June"
"CYCLING",2022-06-06 18:56:00,2022-06-06 19:05:38,1.78356829964333,0.160555555555556,11.1087298939723,"Afternoon","Monday",23,"June"
"CYCLING",2022-06-07 13:01:45,2022-06-07 13:05:50,0.664444510625059,0.0680555555555555,9.7632662785723,"Afternoon","Tuesday",23,"June"
"CYCLING",2022-06-07 13:43:15,2022-06-07 13:46:38,0.59939974018232,0.0563888888888889,10.6297490869771,"Afternoon","Tuesday",23,"June"
"CYCLING",2022-06-07 14:13:12,2022-06-07 14:17:15,0.63,0.0675,9.33333333333333,"Afternoon","Tuesday",23,"June"
"CYCLING",2022-06-07 20:08:52,2022-06-07 20:20:10,2.71494729648861,0.188333333333333,14.4156493618864,"Evening","Tuesday",23,"June"
"CYCLING",2022-06-07 23:36:09,2022-06-07 23:43:09,1.85832123743639,0.116666666666667,15.9284677494548,"Evening","Tuesday",23,"June"
"CYCLING",2022-06-08 13:57:02,2022-06-08 14:17:23,1.72324018948211,0.339166666666667,5.08080645547552,"Afternoon","Wednesday",23,"June"
"CYCLING",2022-06-08 19:08:15,2022-06-08 19:16:26,2.1860758171294,0.136388888888889,16.0282544636779,"Evening","Wednesday",23,"June"
"CYCLING",2022-06-09 12:46:09,2022-06-09 12:50:11,0.657124071084649,0.0672222222222222,9.77539940456503,"Morning","Thursday",23,"June"
"CYCLING",2022-06-09 14:10:45,2022-06-09 14:13:08,0.396788231839264,0.0397222222222222,9.98907436798146,"Afternoon","Thursday",23,"June"
"CYCLING",2022-06-09 14:49:33,2022-06-09 14:53:42,1.20330412422541,0.0691666666666667,17.3971680610903,"Afternoon","Thursday",23,"June"
"CYCLING",2022-06-10 14:09:14,2022-06-10 14:14:25,0.577317495674179,0.0863888888888889,6.68277486954034,"Afternoon","Friday",23,"June"
"CYCLING",2022-06-10 14:51:12,2022-06-10 14:52:45,0.419001061298346,0.0258333333333333,16.2193959212263,"Afternoon","Friday",23,"June"
"CYCLING",2022-06-10 23:42:32,2022-06-10 23:46:36,0.77714425328271,0.0677777777777778,11.4660627533515,"Evening","Friday",23,"June"
"CYCLING",2022-06-11 17:10:08,2022-06-11 17:20:32,1.72671384327947,0.173333333333333,9.96181063430464,"Afternoon","Saturday",24,"June"
"CYCLING",2022-06-11 17:55:27,2022-06-11 18:09:47,2.82731801706592,0.238888888888889,11.8352847226015,"Afternoon","Saturday",24,"June"
"CYCLING",2022-06-11 18:34:44,2022-06-11 18:39:02,1.22408558575789,0.0716666666666667,17.0802639873195,"Afternoon","Saturday",24,"June"
"CYCLING",2022-06-13 11:08:50,2022-06-13 11:19:10,2.2145229727274,0.172222222222222,12.8585204868042,"Morning","Monday",24,"June"
"CYCLING",2022-06-13 18:34:26,2022-06-13 18:42:56,1.05161876149062,0.141666666666667,7.42319125758082,"Afternoon","Monday",24,"June"
"CYCLING",2022-06-13 18:57:04,2022-06-13 19:01:08,0.8707449245912,0.0677777777777778,12.8470562644603,"Afternoon","Monday",24,"June"
"CYCLING",2022-06-14 13:59:43,2022-06-14 14:01:47,0.582688322410889,0.0344444444444444,16.9167577474129,"Afternoon","Tuesday",24,"June"
"CYCLING",2022-06-14 14:35:08,2022-06-14 15:54:12,1.79021888053158,1.31777777777778,1.35851348438315,"Afternoon","Tuesday",24,"June"
"CYCLING",2022-06-14 20:46:44,2022-06-14 20:55:10,1.68690744656861,0.140555555555556,12.0017130585909,"Evening","Tuesday",24,"June"
"CYCLING",2022-06-15 00:09:12,2022-06-15 00:15:16,1.60535744830089,0.101111111111111,15.8771615766022,"Night","Wednesday",24,"June"
"CYCLING",2022-06-15 10:05:15,2022-06-15 10:26:15,4.07927303814412,0.35,11.6550658232689,"Morning","Wednesday",24,"June"
"CYCLING",2022-06-15 13:30:27,2022-06-15 13:37:24,1.52225935298644,0.115833333333333,13.1418073639117,"Afternoon","Wednesday",24,"June"
"CYCLING",2022-06-15 13:45:08,2022-06-15 13:59:11,2.83490218248389,0.234166666666667,12.1063438397889,"Afternoon","Wednesday",24,"June"
"CYCLING",2022-06-15 14:12:49,2022-06-15 14:23:15,1.00738836130258,0.173888888888889,5.79328770078158,"Afternoon","Wednesday",24,"June"
"CYCLING",2022-06-15 16:40:14,2022-06-15 16:42:20,0.443812632030939,0.035,12.6803609151697,"Afternoon","Wednesday",24,"June"
"CYCLING",2022-06-15 16:55:01,2022-06-15 16:59:04,0.988447216767411,0.0675,14.6436624706283,"Afternoon","Wednesday",24,"June"
"CYCLING",2022-06-15 22:20:08,2022-06-15 22:24:13,0.687746491090597,0.0680555555555555,10.1056627262292,"Evening","Wednesday",24,"June"
"CYCLING",2022-06-15 23:55:11,2022-06-15 23:59:19,0.904143839932635,0.0688888888888889,13.1246686441834,"Evening","Wednesday",24,"June"
"CYCLING",2022-06-16 18:03:49,2022-06-16 18:40:34,8.20700967542777,0.6125,13.3991994700861,"Afternoon","Thursday",24,"June"
"CYCLING",2022-06-16 19:57:20,2022-06-16 20:23:04,4.5119754893378,0.428888888888889,10.5201501046736,"Evening","Thursday",24,"June"
"CYCLING",2022-06-16 20:45:04,2022-06-16 20:50:42,1.11679176118779,0.0938888888888889,11.894823491941,"Evening","Thursday",24,"June"
"CYCLING",2022-06-16 22:15:22,2022-06-16 22:28:28,3.23633202896572,0.218333333333333,14.8228947891559,"Evening","Thursday",24,"June"
"CYCLING",2022-06-17 14:10:02,2022-06-17 14:12:04,0.562474678427467,0.0338888888888889,16.5976134617941,"Afternoon","Friday",24,"June"
"CYCLING",2022-06-17 14:43:36,2022-06-17 14:54:02,1.78367969232797,0.173888888888889,10.2575828951768,"Afternoon","Friday",24,"June"
"CYCLING",2022-06-17 15:27:20,2022-06-17 15:42:13,1.77565862074997,0.248055555555556,7.1583102292272,"Afternoon","Friday",24,"June"
"CYCLING",2022-06-17 17:50:08,2022-06-17 17:57:32,1.06244047518843,0.123333333333333,8.61438223125752,"Afternoon","Friday",24,"June"
"CYCLING",2022-06-17 18:09:45,2022-06-17 18:14:02,1.20000848044962,0.0713888888888889,16.8094573136911,"Afternoon","Friday",24,"June"
"CYCLING",2022-06-18 20:56:43,2022-06-18 21:05:10,1.75131054447271,0.140833333333333,12.4353411441849,"Evening","Saturday",25,"June"
"CYCLING",2022-06-18 23:04:44,2022-06-18 23:20:22,1.76519366136451,0.260555555555556,6.77473047005568,"Evening","Saturday",25,"June"
"CYCLING",2022-06-19 15:41:26,2022-06-19 15:51:49,1.26257058696825,0.173055555555556,7.29575299050674,"Afternoon","Sunday",25,"June"
"CYCLING",2022-06-19 19:51:32,2022-06-19 20:29:09,7.35659234626907,0.626944444444444,11.734041846065,"Evening","Sunday",25,"June"
"CYCLING",2022-06-19 20:34:15,2022-06-19 20:36:47,0.577415018289683,0.0422222222222222,13.6756188542293,"Evening","Sunday",25,"June"
"CYCLING",2022-06-20 13:45:32,2022-06-20 13:47:44,0.540022522239039,0.0366666666666667,14.7278869701556,"Afternoon","Monday",25,"June"
"CYCLING",2022-06-20 14:41:01,2022-06-20 14:45:04,0.540269629139977,0.0675,8.00399450577744,"Afternoon","Monday",25,"June"
"CYCLING",2022-06-20 14:59:12,2022-06-20 15:03:15,0.66332554321364,0.0675,9.82704508464652,"Afternoon","Monday",25,"June"
"CYCLING",2022-06-20 19:19:46,2022-06-20 19:29:04,1.78843875952498,0.155,11.5383145775805,"Evening","Monday",25,"June"
"CYCLING",2022-06-21 15:56:20,2022-06-21 16:00:24,0.619,0.0677777777777778,9.1327868852459,"Afternoon","Tuesday",25,"June"
"CYCLING",2022-06-21 16:20:40,2022-06-21 16:23:37,1.1845842304941,0.0491666666666667,24.0932385863206,"Afternoon","Tuesday",25,"June"
"CYCLING",2022-06-22 17:20:25,2022-06-22 17:49:24,7.21500471981448,0.483055555555556,14.9361799835147,"Afternoon","Wednesday",25,"June"
"CYCLING",2022-06-22 18:07:43,2022-06-22 18:09:45,0.222,0.0338888888888889,6.55081967213115,"Afternoon","Wednesday",25,"June"
"CYCLING",2022-06-22 18:24:06,2022-06-22 18:32:14,1.75887284622174,0.135555555555556,12.975291488521,"Afternoon","Wednesday",25,"June"
"CYCLING",2022-06-23 11:53:04,2022-06-23 12:10:18,4.31508395100781,0.287222222222222,15.0235031176287,"Morning","Thursday",25,"June"
"CYCLING",2022-06-23 16:08:57,2022-06-23 16:34:28,5.88764221969679,0.425277777777778,13.8442272964784,"Afternoon","Thursday",25,"June"
"CYCLING",2022-06-23 21:27:14,2022-06-23 21:31:06,0.68451425784291,0.0644444444444444,10.6217729665279,"Evening","Thursday",25,"June"
"CYCLING",2022-06-23 21:47:23,2022-06-23 21:49:54,0.844086017021949,0.0419444444444444,20.1239050415829,"Evening","Thursday",25,"June"
"CYCLING",2022-06-24 08:38:05,2022-06-24 08:48:53,2.66338217349402,0.18,14.7965676305223,"Morning","Friday",25,"June"
"CYCLING",2022-06-24 09:15:04,2022-06-24 09:27:14,2.5145080971154,0.202777777777778,12.4003139035828,"Morning","Friday",25,"June"
"CYCLING",2022-06-24 13:45:39,2022-06-24 13:54:12,2.49350641784723,0.1425,17.4982906515595,"Afternoon","Friday",25,"June"
"CYCLING",2022-06-24 14:25:21,2022-06-24 14:35:29,2.12655249667935,0.168888888888889,12.591429256654,"Afternoon","Friday",25,"June"
"CYCLING",2022-06-25 20:33:39,2022-06-25 20:45:45,3.32205929265814,0.201666666666667,16.4730212859081,"Evening","Saturday",26,"June"
"CYCLING",2022-06-25 21:13:30,2022-06-25 21:15:44,0.158435553324295,0.0372222222222222,4.25647755199599,"Evening","Saturday",26,"June"
"CYCLING",2022-06-25 21:28:31,2022-06-25 22:05:40,6.17750553901821,0.619166666666667,9.97712873058123,"Evening","Saturday",26,"June"
"CYCLING",2022-06-26 20:15:43,2022-06-26 20:58:11,8.41062952266656,0.707777777777778,11.883150032025,"Evening","Sunday",26,"June"
"CYCLING",2022-06-27 13:59:34,2022-06-27 14:01:37,0.518915815346837,0.0341666666666667,15.1877799613708,"Afternoon","Monday",26,"June"
"CYCLING",2022-06-27 15:02:29,2022-06-27 15:06:14,0.740843966821133,0.0625,11.8535034691381,"Afternoon","Monday",26,"June"
"CYCLING",2022-06-27 15:14:26,2022-06-27 15:18:30,0.864716692708394,0.0677777777777778,12.7581151383206,"Afternoon","Monday",26,"June"
"CYCLING",2022-06-28 12:24:54,2022-06-28 12:33:28,0.578038412672363,0.142777777777778,4.04851806540955,"Morning","Tuesday",26,"June"
"CYCLING",2022-06-28 19:02:29,2022-06-28 19:09:03,1.68238615001348,0.109444444444444,15.3720561930165,"Evening","Tuesday",26,"June"
"CYCLING",2022-06-28 20:23:09,2022-06-28 20:33:12,2.12512793432152,0.1675,12.6873309511732,"Evening","Tuesday",26,"June"
"CYCLING",2022-06-28 22:41:42,2022-06-28 22:48:36,1.68159715329779,0.115,14.6225839417199,"Evening","Tuesday",26,"June"
"CYCLING",2022-06-28 23:09:43,2022-06-28 23:11:55,1.12462622605061,0.0366666666666667,30.6716243468348,"Evening","Tuesday",26,"June"
"CYCLING",2022-06-29 09:57:05,2022-06-29 10:11:47,4.33927816192557,0.245,17.7113394364309,"Morning","Wednesday",26,"June"
"CYCLING",2022-06-29 12:57:52,2022-06-29 13:18:17,4.57739900842469,0.340277777777778,13.4519481063909,"Morning","Wednesday",26,"June"
"CYCLING",2022-06-29 15:17:13,2022-06-29 15:23:58,1.26746835168797,0.1125,11.2663853483375,"Afternoon","Wednesday",26,"June"
"CYCLING",2022-06-29 15:31:25,2022-06-29 15:38:57,1.03014789980632,0.125555555555556,8.20471778606805,"Afternoon","Wednesday",26,"June"
"CYCLING",2022-06-29 16:22:43,2022-06-29 16:37:47,2.69783954846211,0.251111111111111,10.7436088213093,"Afternoon","Wednesday",26,"June"
"CYCLING",2022-06-29 17:06:52,2022-06-29 17:15:30,1.3527136654407,0.143888888888889,9.40109883317862,"Afternoon","Wednesday",26,"June"
"CYCLING",2022-06-29 17:29:32,2022-06-29 17:33:37,0.92309150323817,0.0680555555555555,13.563793516969,"Afternoon","Wednesday",26,"June"
"CYCLING",2022-06-29 20:17:54,2022-06-29 20:35:27,1.53070756921769,0.2925,5.2331882708297,"Evening","Wednesday",26,"June"
"CYCLING",2022-06-30 12:17:41,2022-06-30 12:32:45,3.93941872767737,0.251111111111111,15.6879506854409,"Morning","Thursday",26,"June"
"CYCLING",2022-06-30 14:13:08,2022-06-30 14:19:12,0.983566703976599,0.101111111111111,9.72758278658175,"Afternoon","Thursday",26,"June"
"CYCLING",2022-06-30 14:29:13,2022-06-30 14:35:17,0.712096623453857,0.101111111111111,7.04271385833485,"Afternoon","Thursday",26,"June"
"CYCLING",2022-06-30 19:06:19,2022-06-30 19:21:47,3.70858141350329,0.257777777777778,14.3867382420386,"Evening","Thursday",26,"June"
"WALKING",2022-06-01 15:15:41,2022-06-01 15:19:48,0.431571969960096,0.0686111111111111,6.29011778079493,"Afternoon","Wednesday",22,"June"
"WALKING",2022-06-01 16:32:50,2022-06-01 16:38:27,0.26294713358694,0.0936111111111111,2.8089308038961,"Afternoon","Wednesday",22,"June"
"WALKING",2022-06-02 13:58:48,2022-06-02 14:01:02,0.0659006726273905,0.0372222222222222,1.77046583178064,"Afternoon","Thursday",22,"June"
"WALKING",2022-06-03 20:08:16,2022-06-03 20:19:10,0.657372637459244,0.181666666666667,3.61856497683988,"Evening","Friday",22,"June"
"WALKING",2022-06-04 17:04:12,2022-06-04 17:06:56,0.229726188140803,0.0455555555555556,5.0427699835786,"Afternoon","Saturday",23,"June"
"WALKING",2022-06-08 17:58:37,2022-06-08 18:00:39,0.130972390392333,0.0338888888888889,3.86475906075735,"Afternoon","Wednesday",23,"June"
"IN_BUS",2022-06-01 14:42:41,2022-06-01 15:15:41,3.391,0.55,6.16545454545455,"Afternoon","Wednesday",22,"June"
"IN_BUS",2022-06-01 16:38:27,2022-06-01 16:54:17,2.082,0.263888888888889,7.88968421052632,"Afternoon","Wednesday",22,"June"
"IN_BUS",2022-06-01 17:24:59,2022-06-01 17:40:44,3.449,0.2625,13.1390476190476,"Afternoon","Wednesday",22,"June"
"CYCLING",2022-07-01 19:39:31,2022-07-01 19:43:34,1.086122723872,0.0675,16.0907070203259,"Evening","Friday",26,"July"
"CYCLING",2022-07-01 19:59:45,2022-07-01 20:03:48,1.2665415897322,0.0675,18.7635791071436,"Evening","Friday",26,"July"
"CYCLING",2022-07-02 16:47:15,2022-07-02 16:55:45,2.08953167234658,0.141666666666667,14.7496353342112,"Afternoon","Saturday",27,"July"
"CYCLING",2022-07-03 01:18:06,2022-07-03 01:27:06,2.11591200863179,0.15,14.1060800575453,"Night","Sunday",27,"July"
"CYCLING",2022-07-05 12:33:22,2022-07-05 12:35:25,0.583247213956179,0.0341666666666667,17.0706501645711,"Morning","Tuesday",27,"July"
"CYCLING",2022-07-05 14:04:05,2022-07-05 14:08:43,0.730587196688594,0.0772222222222222,9.4608413959674,"Afternoon","Tuesday",27,"July"
"CYCLING",2022-07-05 14:22:22,2022-07-05 14:25:27,1.16039771289756,0.0513888888888889,22.5807122509796,"Afternoon","Tuesday",27,"July"
"CYCLING",2022-07-05 20:48:42,2022-07-05 20:57:05,1.99559301772731,0.139722222222222,14.282574281945,"Evening","Tuesday",27,"July"
"CYCLING",2022-07-05 23:05:05,2022-07-05 23:12:22,1.89799664163638,0.121388888888889,15.63567027435,"Evening","Tuesday",27,"July"
"CYCLING",2022-07-06 15:02:58,2022-07-06 15:12:38,1.92242875538821,0.161111111111111,11.9323164127544,"Afternoon","Wednesday",27,"July"
"CYCLING",2022-07-07 21:51:37,2022-07-07 21:57:07,0.565,0.0916666666666667,6.16363636363636,"Evening","Thursday",27,"July"
"CYCLING",2022-07-07 22:10:03,2022-07-07 22:14:07,0.932370301497701,0.0677777777777778,13.7562831368513,"Evening","Thursday",27,"July"
"CYCLING",2022-07-09 22:35:27,2022-07-09 22:43:56,1.64085550039297,0.141388888888889,11.6052648357852,"Evening","Saturday",28,"July"
"CYCLING",2022-07-09 22:56:13,2022-07-09 23:01:22,1.45622819387592,0.0858333333333333,16.9657653655447,"Evening","Saturday",28,"July"
"CYCLING",2022-07-11 13:59:20,2022-07-11 14:02:47,0.568490470534793,0.0575,9.88679079190944,"Afternoon","Monday",28,"July"
"CYCLING",2022-07-11 14:39:36,2022-07-11 14:41:38,0.501937732362087,0.0338888888888889,14.8112773483894,"Afternoon","Monday",28,"July"
"CYCLING",2022-07-11 19:38:25,2022-07-11 19:43:18,0.56,0.0813888888888889,6.88054607508533,"Evening","Monday",28,"July"
"CYCLING",2022-07-11 19:57:46,2022-07-11 20:01:33,1.23826717643436,0.0630555555555556,19.6377173355228,"Evening","Monday",28,"July"
"CYCLING",2022-07-12 13:58:02,2022-07-12 14:04:13,1.62901240928881,0.103055555555556,15.8071284998375,"Afternoon","Tuesday",28,"July"
"CYCLING",2022-07-12 14:28:17,2022-07-12 14:38:05,2.49071626449076,0.163333333333333,15.2492832519843,"Afternoon","Tuesday",28,"July"
"CYCLING",2022-07-12 16:31:10,2022-07-12 16:37:15,1.51357267943058,0.101388888888889,14.9283880710962,"Afternoon","Tuesday",28,"July"
"CYCLING",2022-07-12 18:25:33,2022-07-12 18:31:49,1.48780866325807,0.104444444444444,14.2449765631092,"Afternoon","Tuesday",28,"July"
"CYCLING",2022-07-12 19:26:50,2022-07-12 19:53:16,5.23109951466502,0.440555555555556,11.873870272884,"Evening","Tuesday",28,"July"
"CYCLING",2022-07-12 23:01:00,2022-07-12 23:18:41,3.81866556313152,0.294722222222222,12.956829431926,"Evening","Tuesday",28,"July"
"CYCLING",2022-07-13 09:37:51,2022-07-13 09:58:23,4.38433170613571,0.342222222222222,12.8113588815654,"Morning","Wednesday",28,"July"
"CYCLING",2022-07-13 11:52:08,2022-07-13 12:08:27,4.10835549734719,0.271944444444444,15.1073338002552,"Morning","Wednesday",28,"July"
"CYCLING",2022-07-13 13:54:06,2022-07-13 14:00:37,1.43370560602553,0.108611111111111,13.2003585209512,"Afternoon","Wednesday",28,"July"
"CYCLING",2022-07-13 14:31:13,2022-07-13 14:35:38,0.79982422297902,0.0736111111111111,10.8655366140546,"Afternoon","Wednesday",28,"July"
"CYCLING",2022-07-13 14:48:05,2022-07-13 14:51:41,0.769853736432798,0.06,12.8308956072133,"Afternoon","Wednesday",28,"July"
"CYCLING",2022-07-14 06:49:03,2022-07-14 06:57:25,2.08978816859102,0.139444444444444,14.9865286990591,"Night","Thursday",28,"July"
"CYCLING",2022-07-16 17:10:27,2022-07-16 17:23:58,2.03382484273137,0.225277777777778,9.0280757507188,"Afternoon","Saturday",29,"July"
"CYCLING",2022-07-16 17:46:49,2022-07-16 17:48:02,0.256885800219732,0.0202777777777778,12.6683408327539,"Afternoon","Saturday",29,"July"
"CYCLING",2022-07-16 18:00:43,2022-07-16 18:15:05,2.15575714792159,0.239444444444444,9.00316210268877,"Afternoon","Saturday",29,"July"
"CYCLING",2022-07-16 18:50:28,2022-07-16 18:59:11,1.27951799092634,0.145277777777778,8.80738961249487,"Afternoon","Saturday",29,"July"
"CYCLING",2022-07-16 19:17:39,2022-07-16 19:27:16,1.99422115636223,0.160277777777778,12.4422810448943,"Evening","Saturday",29,"July"
"CYCLING",2022-07-16 19:49:36,2022-07-16 19:55:41,1.25079776672815,0.101388888888889,12.3366355074558,"Evening","Saturday",29,"July"
"CYCLING",2022-07-17 12:06:50,2022-07-17 12:19:10,2.37422828093806,0.205555555555556,11.5502997451041,"Morning","Sunday",29,"July"
"CYCLING",2022-07-17 12:38:02,2022-07-17 13:10:43,3.63103031558069,0.544722222222222,6.66583841718025,"Morning","Sunday",29,"July"
"CYCLING",2022-07-17 14:15:16,2022-07-17 14:49:09,2.916915999837,0.564722222222222,5.16522262637147,"Afternoon","Sunday",29,"July"
"CYCLING",2022-07-17 20:02:47,2022-07-17 20:18:31,2.5060288707253,0.262222222222222,9.55688976124055,"Evening","Sunday",29,"July"
"CYCLING",2022-07-18 21:17:37,2022-07-18 21:21:41,0.574,0.0677777777777778,8.46885245901639,"Evening","Monday",29,"July"
"CYCLING",2022-07-18 22:08:42,2022-07-18 22:32:30,6.08984170626038,0.396666666666667,15.3525421166228,"Evening","Monday",29,"July"
"CYCLING",2022-07-19 22:03:50,2022-07-19 22:12:19,1.40195117535504,0.141388888888889,9.91556823433818,"Evening","Tuesday",29,"July"
"CYCLING",2022-07-19 22:24:29,2022-07-19 22:28:32,1.2470907095021,0.0675,18.4754179185496,"Evening","Tuesday",29,"July"
"CYCLING",2022-07-20 13:00:32,2022-07-20 13:04:03,1.06976449815779,0.0586111111111111,18.2519061297063,"Afternoon","Wednesday",29,"July"
"CYCLING",2022-07-20 14:38:36,2022-07-20 14:42:41,0.569574428678447,0.0680555555555555,8.36925691119351,"Afternoon","Wednesday",29,"July"
"CYCLING",2022-07-21 13:03:42,2022-07-21 13:08:38,0.581346308321375,0.0822222222222222,7.07042807417889,"Afternoon","Thursday",29,"July"
"CYCLING",2022-07-21 13:26:20,2022-07-21 13:42:47,1.84745803480258,0.274166666666667,6.73844875915836,"Afternoon","Thursday",29,"July"
"CYCLING",2022-07-21 14:41:08,2022-07-21 14:46:05,0.317554161766267,0.0825,3.84914135474263,"Afternoon","Thursday",29,"July"
"CYCLING",2022-07-21 14:54:10,2022-07-21 15:02:25,1.75541295910162,0.1375,12.7666397025573,"Afternoon","Thursday",29,"July"
"CYCLING",2022-07-21 15:10:30,2022-07-21 15:14:34,1.2844080349262,0.0677777777777778,18.9502824825177,"Afternoon","Thursday",29,"July"
"CYCLING",2022-07-22 20:42:26,2022-07-22 20:48:44,1.52245250133142,0.105,14.4995476317278,"Evening","Friday",29,"July"
"CYCLING",2022-07-22 20:57:03,2022-07-22 21:00:33,0.878890391863199,0.0583333333333333,15.0666924319406,"Evening","Friday",29,"July"
"CYCLING",2022-07-23 16:25:35,2022-07-23 16:33:42,2.20009831540519,0.135277777777778,16.2635604424203,"Afternoon","Saturday",30,"July"
"CYCLING",2022-07-23 17:26:18,2022-07-23 17:44:55,4.65898121534888,0.310277777777778,15.0155168981701,"Afternoon","Saturday",30,"July"
"CYCLING",2022-07-23 17:59:02,2022-07-23 18:01:03,0.329,0.0336111111111111,9.78842975206611,"Afternoon","Saturday",30,"July"
"CYCLING",2022-07-23 18:49:20,2022-07-23 19:15:04,3.6535546261511,0.428888888888889,8.51865068273572,"Afternoon","Saturday",30,"July"
"CYCLING",2022-07-23 19:32:23,2022-07-23 19:36:25,1.19756198356933,0.0672222222222222,17.8149716564033,"Evening","Saturday",30,"July"
"CYCLING",2022-07-24 18:40:16,2022-07-24 18:57:23,6.23461633285316,0.285277777777778,21.854546054792,"Afternoon","Sunday",30,"July"
"CYCLING",2022-07-24 22:29:04,2022-07-24 23:00:01,5.57255923211047,0.515833333333333,10.8030227439944,"Evening","Sunday",30,"July"
"CYCLING",2022-07-25 19:33:01,2022-07-25 19:37:05,0.603,0.0677777777777778,8.89672131147541,"Evening","Monday",30,"July"
"CYCLING",2022-07-25 19:47:47,2022-07-25 19:50:34,0.262696287695006,0.0463888888888889,5.66291398623966,"Evening","Monday",30,"July"
"CYCLING",2022-07-25 20:09:19,2022-07-25 20:13:27,1.18568180620653,0.0688888888888889,17.2115100900947,"Evening","Monday",30,"July"
"CYCLING",2022-07-26 15:20:29,2022-07-26 15:42:30,3.84601355162579,0.366944444444444,10.4811875744533,"Afternoon","Tuesday",30,"July"
"CYCLING",2022-07-26 16:05:14,2022-07-26 16:40:20,4.85475786112853,0.585,8.2987313865445,"Afternoon","Tuesday",30,"July"
"CYCLING",2022-07-26 16:48:16,2022-07-26 16:56:28,1.37608263637153,0.136666666666667,10.0688973393039,"Afternoon","Tuesday",30,"July"
"CYCLING",2022-07-26 17:48:46,2022-07-26 18:12:36,4.31436278105046,0.397222222222222,10.8613328753718,"Afternoon","Tuesday",30,"July"
"CYCLING",2022-07-26 22:26:24,2022-07-26 22:38:49,3.61988288657958,0.206944444444444,17.4920515324651,"Evening","Tuesday",30,"July"
"CYCLING",2022-07-27 07:57:02,2022-07-27 08:17:02,8.69972057178959,0.333333333333333,26.0991617153688,"Morning","Wednesday",30,"July"
"CYCLING",2022-07-27 10:18:05,2022-07-27 10:49:27,6.85327426279226,0.522777777777778,13.1093450297833,"Morning","Wednesday",30,"July"
"CYCLING",2022-07-27 11:07:13,2022-07-27 11:20:01,1.6280227563054,0.213333333333333,7.63135667018154,"Morning","Wednesday",30,"July"
"CYCLING",2022-07-27 12:18:19,2022-07-27 12:31:46,2.58448213428911,0.224166666666667,11.5292883314012,"Morning","Wednesday",30,"July"
"CYCLING",2022-07-27 13:30:01,2022-07-27 13:39:42,0.508802626309254,0.161388888888889,3.15264966387834,"Afternoon","Wednesday",30,"July"
"CYCLING",2022-07-27 13:56:13,2022-07-27 14:00:17,1.26405176284096,0.0677777777777778,18.6499440419158,"Afternoon","Wednesday",30,"July"
"CYCLING",2022-07-28 19:26:06,2022-07-28 19:39:25,2.49560304890337,0.221944444444444,11.2442690563856,"Evening","Thursday",30,"July"
"CYCLING",2022-07-28 19:51:29,2022-07-28 20:00:34,2.62483629173602,0.151388888888889,17.3383681655957,"Evening","Thursday",30,"July"
"CYCLING",2022-07-28 22:56:32,2022-07-28 23:19:04,4.85135593881956,0.375555555555556,12.917811671413,"Evening","Thursday",30,"July"
"CYCLING",2022-07-29 12:57:05,2022-07-29 13:00:29,0.529880972055422,0.0566666666666667,9.35084068333098,"Morning","Friday",30,"July"
"CYCLING",2022-07-29 13:29:31,2022-07-29 13:31:33,0.485777285770498,0.0338888888888889,14.3344117112606,"Afternoon","Friday",30,"July"
"CYCLING",2022-07-29 14:24:02,2022-07-29 14:28:14,1.101395212971,0.07,15.7342173281571,"Afternoon","Friday",30,"July"
"CYCLING",2022-07-29 14:36:19,2022-07-29 14:40:21,1.05157592614102,0.0672222222222222,15.6432782401143,"Afternoon","Friday",30,"July"
"CYCLING",2022-07-29 22:08:03,2022-07-29 22:16:12,1.79133142610899,0.135833333333333,13.1877160204343,"Evening","Friday",30,"July"
"CYCLING",2022-07-29 23:40:32,2022-07-29 23:48:34,2.21628498307855,0.133888888888889,16.5531658487195,"Evening","Friday",30,"July"
"WALKING",2022-07-02 18:26:37,2022-07-02 18:31:05,0.19603359775858,0.0744444444444444,2.63328713407047,"Afternoon","Saturday",27,"July"
"WALKING",2022-07-02 20:48:04,2022-07-02 20:50:07,0.12818860109366,0.0341666666666667,3.75186149542419,"Evening","Saturday",27,"July"
"WALKING",2022-07-02 20:57:45,2022-07-02 21:06:21,0.523291944808834,0.143333333333333,3.65087403355001,"Evening","Saturday",27,"July"
"WALKING",2022-07-02 22:39:11,2022-07-02 23:12:40,1.86625200346421,0.558055555555556,3.3442046851524,"Evening","Saturday",27,"July"
"WALKING",2022-07-04 21:53:20,2022-07-04 22:54:51,4.64543062870554,1.02527777777778,4.53089955658086,"Evening","Monday",27,"July"
"WALKING",2022-07-06 16:42:21,2022-07-06 16:46:02,0.250303872351991,0.0613888888888889,4.07734814691026,"Afternoon","Wednesday",27,"July"
"WALKING",2022-07-06 17:05:04,2022-07-06 17:35:03,1.95343160291546,0.499722222222222,3.90903489188196,"Afternoon","Wednesday",27,"July"
"WALKING",2022-07-06 23:16:11,2022-07-06 23:36:33,1.82158710245182,0.339444444444444,5.36637771589734,"Evening","Wednesday",27,"July"
"WALKING",2022-07-08 22:17:10,2022-07-08 23:22:02,5.44200106099233,1.08111111111111,5.03371115610801,"Evening","Friday",27,"July"
"WALKING",2022-07-10 21:56:58,2022-07-10 23:31:20,4.91995911259997,1.57277777777778,3.12819724573647,"Evening","Sunday",28,"July"
"WALKING",2022-07-14 08:27:15,2022-07-14 08:44:05,1.20823760185021,0.280555555555556,4.30658947194136,"Morning","Thursday",28,"July"
"WALKING",2022-07-14 09:16:19,2022-07-14 09:21:52,0.252287306846843,0.0925,2.7274303442902,"Morning","Thursday",28,"July"
"WALKING",2022-07-14 16:54:36,2022-07-14 18:59:05,5.11911053149639,2.07472222222222,2.46737152408448,"Afternoon","Thursday",28,"July"
"WALKING",2022-07-15 09:48:14,2022-07-15 11:36:03,6.77568198234516,1.79694444444444,3.77066859428699,"Morning","Friday",28,"July"
"WALKING",2022-07-15 15:56:56,2022-07-15 16:36:25,1.68085524294475,0.658055555555556,2.55427559079826,"Afternoon","Friday",28,"July"
"WALKING",2022-07-16 00:26:14,2022-07-16 01:02:47,1.31145161991933,0.609166666666667,2.15286175636552,"Night","Saturday",29,"July"
"WALKING",2022-07-16 01:21:25,2022-07-16 01:30:17,0.697838757619735,0.147777777777778,4.72221715682528,"Night","Saturday",29,"July"
"WALKING",2022-07-16 13:02:26,2022-07-16 13:11:17,0.571601636412728,0.1475,3.87526533161171,"Afternoon","Saturday",29,"July"
"WALKING",2022-07-16 16:24:03,2022-07-16 16:51:21,1.38075595236694,0.455,3.03462846674053,"Afternoon","Saturday",29,"July"
"WALKING",2022-07-16 23:01:32,2022-07-16 23:17:47,1.16081788722106,0.270833333333333,4.2860968143547,"Evening","Saturday",29,"July"
"WALKING",2022-07-16 23:38:26,2022-07-16 23:44:31,0.20974113150406,0.101388888888889,2.06867965319073,"Evening","Saturday",29,"July"
"WALKING",2022-07-17 00:35:39,2022-07-17 01:15:47,1.32895641273007,0.668888888888889,1.98681191271937,"Night","Sunday",29,"July"
"WALKING",2022-07-21 22:39:16,2022-07-21 22:50:30,1.2645698485679,0.187222222222222,6.75437901312232,"Evening","Thursday",29,"July"
"WALKING",2022-07-21 22:59:39,2022-07-21 23:19:05,1.90920626687785,0.323888888888889,5.89463341403108,"Evening","Thursday",29,"July"
"WALKING",2022-07-22 21:43:38,2022-07-22 23:03:09,3.10856097194386,1.32527777777778,2.34559201404273,"Evening","Friday",29,"July"
"WALKING",2022-07-30 15:32:25,2022-07-30 15:42:15,1.82800348066531,0.163888888888889,11.1539195430426,"Afternoon","Saturday",31,"July"
"WALKING",2022-07-30 17:00:56,2022-07-30 17:55:23,4.19892228873969,0.9075,4.6269116129363,"Afternoon","Saturday",31,"July"
"WALKING",2022-07-30 18:43:06,2022-07-30 18:54:15,0.550949873238005,0.185833333333333,2.96475268110137,"Afternoon","Saturday",31,"July"
"WALKING",2022-07-30 20:45:38,2022-07-30 21:23:56,3.16784074664138,0.638333333333333,4.96267479891599,"Evening","Saturday",31,"July"
"WALKING",2022-07-30 21:42:59,2022-07-30 22:22:48,3.33869779335885,0.663611111111111,5.0311059255303,"Evening","Saturday",31,"July"
"WALKING",2022-07-30 22:28:16,2022-07-30 22:49:20,0.879830027335433,0.351111111111111,2.50584501456294,"Evening","Saturday",31,"July"
"WALKING",2022-07-31 09:55:14,2022-07-31 10:22:08,1.54076087202307,0.448333333333333,3.43664135023732,"Morning","Sunday",31,"July"
"WALKING",2022-07-31 20:51:06,2022-07-31 20:56:32,0.448773564862523,0.0905555555555556,4.95578169786835,"Evening","Sunday",31,"July"
"WALKING",2022-07-31 21:07:48,2022-07-31 22:30:23,6.50688073736956,1.37638888888889,4.72750164571754,"Evening","Sunday",31,"July"
"WALKING",2022-07-31 22:51:08,2022-07-31 22:56:37,0.544339374829393,0.0913888888888889,5.95629711059518,"Evening","Sunday",31,"July"
"IN_TRAIN",2022-07-02 17:08:03,2022-07-02 18:05:29,56.041,0.957222222222222,58.5454439930354,"Afternoon","Saturday",27,"July"
"IN_TRAIN",2022-07-02 18:13:08,2022-07-02 18:26:37,9.154,0.224722222222222,40.7347342398022,"Afternoon","Saturday",27,"July"
"IN_TRAIN",2022-07-06 15:28:02,2022-07-06 16:18:17,75.743,0.8375,90.4394029850746,"Afternoon","Wednesday",27,"July"
"IN_TRAIN",2022-07-06 16:30:02,2022-07-06 16:42:21,18.417,0.205277777777778,89.7174560216509,"Afternoon","Wednesday",27,"July"
"IN_TRAIN",2022-07-07 00:19:39,2022-07-07 00:32:47,13.582,0.218888888888889,62.0497461928934,"Night","Thursday",27,"July"
"IN_TRAIN",2022-07-14 07:07:39,2022-07-14 08:27:15,56.041,1.32666666666667,42.241959798995,"Morning","Thursday",28,"July"
"IN_TRAIN",2022-07-14 09:36:09,2022-07-14 09:47:47,0.977,0.193888888888889,5.03896848137536,"Morning","Thursday",28,"July"
"IN_TRAIN",2022-07-17 16:58:36,2022-07-17 17:01:19,0.332,0.0452777777777778,7.33251533742331,"Afternoon","Sunday",29,"July"
"IN_TRAIN",2022-07-17 17:04:56,2022-07-17 18:27:41,29.232,1.37916666666667,21.1954078549849,"Afternoon","Sunday",29,"July"
"IN_TRAIN",2022-07-17 18:32:18,2022-07-17 19:49:34,65.13,1.28777777777778,50.5754961173425,"Afternoon","Sunday",29,"July"
"IN_TRAIN",2022-07-30 07:03:24,2022-07-30 10:42:07,50.02,3.64527777777778,13.7218623790292,"Morning","Saturday",31,"July"
"IN_TRAIN",2022-07-30 11:11:27,2022-07-30 12:40:45,35.345,1.48833333333333,23.7480403135498,"Morning","Saturday",31,"July"
"IN_TRAIN",2022-07-30 13:17:44,2022-07-30 15:19:06,148.299,2.02277777777778,73.3145289755562,"Afternoon","Saturday",31,"July"
"IN_TRAIN",2022-07-30 21:23:56,2022-07-30 21:42:59,5.365,0.3175,16.8976377952756,"Evening","Saturday",31,"July"
"IN_TRAIN",2022-07-31 10:30:28,2022-07-31 10:45:22,4.2,0.248333333333333,16.9127516778524,"Morning","Sunday",31,"July"
"IN_TRAIN",2022-07-31 12:56:02,2022-07-31 18:47:58,10.019,5.86555555555556,1.70810759613563,"Morning","Sunday",31,"July"
"IN_BUS",2022-07-15 17:22:12,2022-07-15 18:06:03,49,0.730833333333333,67.0467502850627,"Afternoon","Friday",28,"July"
"IN_BUS",2022-07-15 18:12:18,2022-07-15 18:39:36,19.046,0.455,41.8593406593407,"Afternoon","Friday",28,"July"
"IN_BUS",2022-07-30 06:16:03,2022-07-30 06:30:10,1.969,0.235277777777778,8.36883116883117,"Night","Saturday",31,"July"
"CYCLING",2022-08-03 19:27:01,2022-08-03 19:34:24,0.689,0.123055555555556,5.59909706546275,"Evening","Wednesday",31,"August"
"CYCLING",2022-08-03 19:48:41,2022-08-03 19:52:44,1.25639674604913,0.0675,18.6132851266538,"Evening","Wednesday",31,"August"
"CYCLING",2022-08-04 12:20:38,2022-08-04 12:29:45,2.2590809338877,0.151944444444444,14.8678087056595,"Morning","Thursday",31,"August"
"CYCLING",2022-08-04 13:04:42,2022-08-04 13:10:48,1.49385155609003,0.101666666666667,14.6936218631806,"Afternoon","Thursday",31,"August"
"CYCLING",2022-08-04 13:34:03,2022-08-04 13:36:05,0.607849724450781,0.0338888888888889,17.9365492460886,"Afternoon","Thursday",31,"August"
"CYCLING",2022-08-05 11:43:38,2022-08-05 11:54:02,2.00670582540295,0.173333333333333,11.5771489927093,"Morning","Friday",31,"August"
"CYCLING",2022-08-05 12:01:04,2022-08-05 12:10:16,2.0020588063556,0.153333333333333,13.0569052588408,"Morning","Friday",31,"August"
"CYCLING",2022-08-05 16:07:50,2022-08-05 17:04:22,10.4021356001646,0.942222222222222,11.0400024058351,"Afternoon","Friday",31,"August"
"CYCLING",2022-08-05 17:18:32,2022-08-05 17:41:09,4.90758991792788,0.376944444444444,13.0193984558146,"Afternoon","Friday",31,"August"
"CYCLING",2022-08-05 18:04:47,2022-08-05 18:19:29,4.39011712295193,0.245,17.9188453998038,"Afternoon","Friday",31,"August"
"CYCLING",2022-08-05 18:25:06,2022-08-05 18:45:09,4.29559215634319,0.334166666666667,12.8546398693562,"Afternoon","Friday",31,"August"
"CYCLING",2022-08-05 19:21:42,2022-08-05 19:27:50,0.692,0.102222222222222,6.7695652173913,"Evening","Friday",31,"August"
"CYCLING",2022-08-05 19:49:09,2022-08-05 19:51:11,0.774903782725167,0.0338888888888889,22.8660132607426,"Evening","Friday",31,"August"
"CYCLING",2022-08-06 09:08:06,2022-08-06 09:14:45,2.04134848515051,0.110833333333333,18.4181818209068,"Morning","Saturday",32,"August"
"CYCLING",2022-08-08 10:50:10,2022-08-08 11:00:20,2.17545437713803,0.169444444444444,12.8387471437654,"Morning","Monday",32,"August"
"CYCLING",2022-08-08 15:07:32,2022-08-08 15:17:36,2.14840541796322,0.167777777777778,12.8050654050788,"Afternoon","Monday",32,"August"
"CYCLING",2022-08-08 15:56:28,2022-08-08 16:08:40,2.66871914647704,0.203333333333333,13.1248482613625,"Afternoon","Monday",32,"August"
"WALKING",2022-08-01 14:44:52,2022-08-01 14:54:27,0.860149384616509,0.159722222222222,5.38528310368597,"Afternoon","Monday",31,"August"
"WALKING",2022-08-01 16:19:23,2022-08-01 16:21:29,0.15018152163522,0.035,4.29090061814913,"Afternoon","Monday",31,"August"
"WALKING",2022-08-01 16:53:40,2022-08-01 17:00:37,0.3877084344735,0.115833333333333,3.34712317531079,"Afternoon","Monday",31,"August"
"WALKING",2022-08-01 17:48:45,2022-08-01 18:27:05,0.628572564884411,0.638888888888889,0.98385271025386,"Afternoon","Monday",31,"August"
"WALKING",2022-08-01 20:56:09,2022-08-01 22:21:56,0.859321075452849,1.42972222222222,0.601040581237664,"Evening","Monday",31,"August"
"WALKING",2022-08-02 07:51:47,2022-08-02 07:55:53,0.510079176333429,0.0683333333333333,7.46457331219652,"Morning","Tuesday",31,"August"
"WALKING",2022-08-02 09:54:05,2022-08-02 09:58:57,0.257,0.0811111111111111,3.16849315068493,"Morning","Tuesday",31,"August"
"WALKING",2022-08-02 10:05:06,2022-08-02 10:21:48,1.13384124326422,0.278333333333333,4.07368111352414,"Morning","Tuesday",31,"August"
"WALKING",2022-08-02 12:10:16,2022-08-02 12:20:14,0.617925502194412,0.166111111111111,3.71995285601987,"Morning","Tuesday",31,"August"
"WALKING",2022-08-02 12:49:59,2022-08-02 12:55:36,0.257776757924032,0.0936111111111111,2.75369830423298,"Morning","Tuesday",31,"August"
"WALKING",2022-08-04 21:22:41,2022-08-04 22:20:11,3.12894686247305,0.958333333333333,3.26498803040666,"Evening","Thursday",31,"August"
"WALKING",2022-08-06 11:04:44,2022-08-06 11:13:04,0.302717883021172,0.138888888888889,2.17956875775244,"Morning","Saturday",32,"August"
"WALKING",2022-08-06 12:01:59,2022-08-06 12:08:01,0.201143357322771,0.100555555555556,2.00032068055795,"Morning","Saturday",32,"August"
"WALKING",2022-08-06 12:39:19,2022-08-06 12:51:38,0.712087363313688,0.205277777777778,3.46889649246181,"Morning","Saturday",32,"August"
"WALKING",2022-08-06 15:07:42,2022-08-06 15:17:36,0.23158655960387,0.165,1.40355490669012,"Afternoon","Saturday",32,"August"
"WALKING",2022-08-06 15:37:16,2022-08-06 15:44:37,0.261627003801104,0.1225,2.13573064327432,"Afternoon","Saturday",32,"August"
"WALKING",2022-08-06 16:28:42,2022-08-06 17:16:41,3.36722935253514,0.799722222222222,4.21049866937357,"Afternoon","Saturday",32,"August"
"WALKING",2022-08-06 17:49:42,2022-08-06 17:52:14,0.374274506520218,0.0422222222222222,8.8643962070578,"Afternoon","Saturday",32,"August"
"WALKING",2022-08-07 21:38:36,2022-08-07 22:35:44,3.27424150109208,0.952222222222222,3.43852666392401,"Evening","Sunday",32,"August"
"WALKING",2022-08-08 11:55:31,2022-08-08 11:58:49,0.249495877646046,0.055,4.53628868447357,"Morning","Monday",32,"August"
"WALKING",2022-08-08 13:02:41,2022-08-08 13:06:47,0.377393207406482,0.0683333333333333,5.52282742546071,"Afternoon","Monday",32,"August"
"WALKING",2022-08-08 14:45:11,2022-08-08 14:55:26,0.105855940777581,0.170833333333333,0.619644531380963,"Afternoon","Monday",32,"August"
"WALKING",2022-08-08 16:08:40,2022-08-08 16:21:01,0.953355546110087,0.205833333333333,4.63168686369273,"Afternoon","Monday",32,"August"
"WALKING",2022-08-08 21:42:22,2022-08-08 21:48:37,0.642632638323991,0.104166666666667,6.16927332791031,"Evening","Monday",32,"August"
"WALKING",2022-08-08 21:59:03,2022-08-08 22:06:44,0.744726343389802,0.128055555555556,5.81565040391168,"Evening","Monday",32,"August"
"WALKING",2022-08-09 08:20:04,2022-08-09 08:44:41,1.95140785731519,0.410277777777778,4.75630892778244,"Morning","Tuesday",32,"August"
"WALKING",2022-08-09 09:11:03,2022-08-09 09:33:26,1.98945203862491,0.373055555555556,5.33285728894242,"Morning","Tuesday",32,"August"
"WALKING",2022-08-09 18:07:34,2022-08-09 18:20:03,0.269,0.208055555555556,1.29292389853138,"Afternoon","Tuesday",32,"August"
"IN_TRAIN",2022-08-02 08:06:10,2022-08-02 09:54:05,119.438,1.79861111111111,66.4056833976834,"Morning","Tuesday",31,"August"
"IN_TRAIN",2022-08-02 13:03:27,2022-08-02 14:46:19,120.378,1.71444444444444,70.2139987038237,"Afternoon","Tuesday",31,"August"
"IN_TRAIN",2022-08-02 15:31:03,2022-08-02 16:52:47,82.851,1.36222222222222,60.8204730831974,"Afternoon","Tuesday",31,"August"
"IN_TRAIN",2022-08-02 17:24:57,2022-08-02 19:28:35,156.622,2.06055555555556,76.0095982744675,"Afternoon","Tuesday",31,"August"
"IN_TRAIN",2022-08-02 19:33:11,2022-08-02 20:57:25,51.641,1.40388888888889,36.7842500989315,"Evening","Tuesday",31,"August"
"IN_TRAIN",2022-08-06 09:28:39,2022-08-06 10:26:06,85.785,0.9575,89.5926892950392,"Morning","Saturday",32,"August"
"IN_TRAIN",2022-08-06 10:34:26,2022-08-06 11:04:44,42.953,0.505,85.0554455445545,"Morning","Saturday",32,"August"
"IN_TRAIN",2022-08-06 15:17:36,2022-08-06 15:37:16,8.819,0.327777777777778,26.9054237288136,"Afternoon","Saturday",32,"August"
"IN_TRAIN",2022-08-06 17:58:30,2022-08-06 23:08:24,98.91,5.165,19.1500484027105,"Afternoon","Saturday",32,"August"
"IN_TRAIN",2022-08-09 10:26:54,2022-08-09 11:31:55,55.824,1.08361111111111,51.5166367598052,"Morning","Tuesday",32,"August"
"IN_TRAIN",2022-08-09 15:52:06,2022-08-09 18:07:34,282.767,2.25777777777778,125.241289370079,"Afternoon","Tuesday",32,"August"
"IN_BUS",2022-08-02 21:34:46,2022-08-02 21:57:19,2.059,0.375833333333333,5.47849223946785,"Evening","Tuesday",31,"August"
"IN_BUS",2022-08-09 09:45:44,2022-08-09 09:56:39,1.873,0.181944444444444,10.2943511450382,"Morning","Tuesday",32,"August"
"IN_BUS",2022-08-09 12:09:04,2022-08-09 12:24:58,5.64,0.265,21.2830188679245,"Morning","Tuesday",32,"August"
"IN_BUS",2022-08-09 13:29:49,2022-08-09 13:42:28,4.785,0.210833333333333,22.695652173913,"Afternoon","Tuesday",32,"August"
